wavelength, value
410, 1655.9453
435, 440.93915
460, 1237.488
485, 372.38577
510, 581.9285
535, 730.24615
560, 101.543945
585, 134.61531
610, 939.1429
645, 81.289955
680, 219.03455
705, 49.04666
730, 59.246986
760, 42.723778
810, 149.64206
860, 406.2189
900, 29.197351
960, 21.79925
