wavelength, value
410, 1593.616
435, 435.74725
460, 1234.26
485, 368.6918
510, 577.41974
535, 725.3636
560, 96.28804
585, 126.73112
610, 923.911
645, 77.02984
680, 216.22366
705, 47.789055
730, 58.604744
760, 42.21717
810, 148.33086
860, 397.44107
900, 28.793701
960, 21.79925
