wavelength, value
410, 1745.3812
435, 469.12363
460, 1303.7584
485, 410.55664
510, 620.2528
535, 762.70154
560, 126.66713
585, 158.46255
610, 987.79364
645, 94.67889
680, 229.84573
705, 50.304268
730, 61.815968
760, 44.750202
810, 158.65665
860, 434.50302
900, 30.00465
960, 22.790123
