wavelength, value
410, 1730.6106
435, 463.19003
460, 1281.9215
485, 404.40002
510, 614.3915
535, 759.5422
560, 124.459656
585, 159.63058
610, 985.5203
645, 94.41807
680, 228.11594
705, 51.72956
730, 61.01316
760, 44.074726
810, 158.49274
860, 425.96906
900, 30.00465
960, 22.790123
