wavelength, value
410, 1727.2019
435, 463.19003
460, 1296.3528
485, 405.80725
510, 620.10254
535, 765.5738
560, 118.362816
585, 134.12863
610, 890.26465
645, 72.0742
680, 205.6287
705, 43.764713
730, 55.393524
760, 40.697353
810, 142.5943
860, 368.18158
900, 27.851849
960, 21.601074
