wavelength, value
410, 1725.9033
435, 461.70663
460, 1293.1248
485, 405.27954
510, 617.54755
535, 760.11664
560, 117.7321
585, 131.98726
610, 890.71936
645, 69.63985
680, 206.70981
705, 44.016235
730, 55.393524
760, 41.37283
810, 141.44699
860, 358.18457
900, 27.9864
960, 21.79925
