wavelength, value
410, 1743.1088
435, 467.82568
460, 1302.6191
485, 428.8505
510, 647.90643
535, 774.04663
560, 140.64781
585, 169.26683
610, 1004.16223
645, 95.80913
680, 233.08908
705, 53.154846
730, 61.815968
760, 44.750202
810, 164.06538
860, 431.8209
900, 30.677402
960, 23.780998
