wavelength, value
410, 1652.2122
435, 441.49542
460, 1252.2992
485, 371.68216
510, 590.1946
535, 735.84686
560, 85.88137
585, 108.918686
610, 865.9393
645, 62.336792
680, 197.84464
705, 43.597034
730, 54.59072
760, 39.68414
810, 138.66068
860, 363.5489
900, 27.4482
960, 21.00655
