wavelength, value
410, 1713.0804
435, 456.32935
460, 1270.5283
485, 400.882
510, 613.3395
535, 757.819
560, 107.010086
585, 131.30591
610, 933.23206
645, 74.856316
680, 215.35876
705, 47.369854
730, 57.80194
760, 42.21717
810, 149.96988
860, 392.07684
900, 28.39005
960, 21.79925
