wavelength, value
410, 1662.1133
435, 445.57477
460, 1257.4261
485, 378.36646
510, 596.20624
535, 742.16565
560, 93.55498
585, 112.033424
610, 886.3999
645, 62.858437
680, 204.33134
705, 45.27384
730, 56.19633
760, 40.528484
810, 144.23332
860, 388.17557
900, 27.9864
960, 21.79925
