wavelength, value
410, 1658.5424
435, 441.68082
460, 1254.7678
485, 375.3761
510, 594.25244
535, 740.01154
560, 88.82467
585, 103.27321
610, 882.53516
645, 60.59797
680, 201.088
705, 44.85464
730, 55.393524
760, 40.528484
810, 141.93869
860, 378.17856
900, 27.4482
960, 21.00655
