wavelength, value
410, 1659.6785
435, 443.9059
460, 1257.2362
485, 379.42188
510, 598.31024
535, 742.88367
560, 92.188446
585, 110.67074
610, 898.6763
645, 61.989025
680, 204.54758
705, 44.435436
730, 56.19633
760, 41.20396
810, 145.87234
860, 393.05215
900, 27.9864
960, 21.79925
