wavelength, value
410, 1635.8181
435, 439.0849
460, 1245.2734
485, 365.87738
510, 583.5817
535, 728.95374
560, 79.88964
585, 96.557045
610, 846.388
645, 53.99044
680, 192.43904
705, 42.339428
730, 52.985115
760, 38.839798
810, 135.38264
860, 358.1846
900, 26.640903
960, 20.808374
