wavelength, value
410, 1737.2654
435, 470.05072
460, 1310.7842
485, 422.51797
510, 647.0047
535, 796.73663
560, 141.80412
585, 169.65617
610, 1015.75653
645, 95.37441
680, 237.62979
705, 53.657887
730, 62.618767
760, 45.594543
810, 166.36002
860, 450.1081
900, 29.870098
960, 23.780998
