wavelength, value
410, 1634.5195
435, 438.71405
460, 1240.7162
485, 365.52557
510, 583.5817
535, 727.2304
560, 79.88964
585, 96.26504
610, 848.66144
645, 53.81656
680, 192.43904
705, 42.339428
730, 52.985115
760, 38.839798
810, 134.56313
860, 344.77402
900, 26.102701
960, 20.808374
