wavelength, value
410, 1701.8806
435, 449.0978
460, 1281.9215
485, 398.24344
510, 618.299
535, 767.87146
560, 108.16637
585, 132.66861
610, 934.82336
645, 73.72609
680, 217.73721
705, 47.789055
730, 58.12306
760, 42.723778
810, 150.78937
860, 390.37003
900, 28.524601
960, 21.79925
