wavelength, value
410, 1657.7307
435, 442.23712
460, 1253.6285
485, 375.9038
510, 594.1022
535, 737.28296
560, 88.29908
585, 103.66255
610, 876.16956
645, 60.59797
680, 200.22307
705, 44.435436
730, 55.393524
760, 40.528484
810, 141.44699
860, 382.56747
900, 27.4482
960, 21.204723
