wavelength, value
410, 1654.4844
435, 441.31
460, 1246.6027
485, 372.03397
510, 589.1425
535, 735.84686
560, 86.617195
585, 105.706604
610, 867.758
645, 59.728554
680, 197.41219
705, 44.016235
730, 54.59072
760, 39.68414
810, 139.31627
860, 373.30197
900, 27.4482
960, 20.808374
