wavelength, value
410, 1700.4197
435, 451.8792
460, 1269.5789
485, 389.97598
510, 611.83655
535, 760.26025
560, 111.10968
585, 135.88066
610, 945.0537
645, 77.899254
680, 220.33188
705, 48.124413
730, 59.407543
760, 43.061516
810, 154.2313
860, 420.84863
900, 28.659153
960, 22.790123
