wavelength, value
410, 1693.278
435, 451.3229
460, 1271.2878
485, 388.39288
510, 613.0389
535, 764.4248
560, 110.373856
585, 132.47392
610, 956.87537
645, 75.20408
680, 221.84549
705, 48.62746
730, 60.21035
760, 43.905857
810, 157.18155
860, 425.96906
900, 28.659153
960, 21.997423
