wavelength, value
410, 1698.6344
435, 452.6209
460, 1272.4271
485, 388.5688
510, 609.4318
535, 756.0956
560, 103.54118
585, 125.17375
610, 920.2736
645, 72.335014
680, 214.0614
705, 46.95065
730, 57.80194
760, 42.21717
810, 150.78937
860, 406.95038
900, 28.12095
960, 21.79925
