wavelength, value
410, 1707.724
435, 452.25006
460, 1269.5789
485, 388.04108
510, 608.981
535, 756.9572
560, 104.17189
585, 126.63379
610, 923.2291
645, 72.335014
680, 214.0614
705, 47.118332
730, 57.80194
760, 42.21717
810, 150.78937
860, 410.364
900, 28.12095
960, 21.79925
