wavelength, value
410, 1676.5593
435, 443.72052
460, 1254.0082
485, 377.31104
510, 596.35657
535, 745.7558
560, 99.86205
585, 130.04056
610, 930.73126
645, 76.16042
680, 214.49385
705, 47.621376
730, 58.444183
760, 42.21717
810, 150.78937
860, 397.44107
900, 28.12095
960, 21.79925
