wavelength, value
410, 1671.6898
435, 442.60797
460, 1263.5026
485, 377.66284
510, 598.91144
535, 747.1919
560, 103.6463
585, 134.12863
610, 949.60046
645, 77.46454
680, 216.43987
705, 48.208256
730, 58.604744
760, 43.061516
810, 152.9201
860, 404.99973
900, 28.524601
960, 21.79925
