wavelength, value
410, 1682.4027
435, 444.6476
460, 1259.135
485, 375.3761
510, 596.05597
535, 740.4424
560, 89.87585
585, 108.626686
610, 880.9437
645, 61.032673
680, 203.46646
705, 44.85464
730, 55.393524
760, 40.528484
810, 143.74161
860, 390.12616
900, 27.4482
960, 21.402899
