wavelength, value
410, 1676.2347
435, 443.53506
460, 1254.0083
485, 376.60742
510, 595.1542
535, 737.71375
560, 89.45537
585, 104.63591
610, 877.0789
645, 61.032673
680, 201.088
705, 44.435436
730, 55.393524
760, 40.528484
810, 141.28308
860, 378.42242
900, 27.179098
960, 20.808374
