wavelength, value
410, 1675.9102
435, 443.34967
460, 1254.5779
485, 375.9038
510, 595.1542
535, 741.16046
560, 87.35301
585, 106.58263
610, 878.21564
645, 60.511024
680, 203.68268
705, 44.435436
730, 55.393524
760, 40.528484
810, 141.44699
860, 383.78662
900, 27.31365
960, 21.00655
