wavelength, value
410, 1618.4503
435, 442.60797
460, 1257.806
485, 374.32068
510, 593.501
535, 739.7243
560, 88.929794
585, 106.38796
610, 876.6242
645, 59.8155
680, 202.16911
705, 44.435436
730, 54.75128
760, 40.528484
810, 142.5943
860, 384.7619
900, 27.4482
960, 20.808374
