wavelength, value
410, 1665.1973
435, 440.5683
460, 1251.1599
485, 369.74722
510, 589.4431
535, 733.8364
560, 84.19948
585, 101.81319
610, 863.4386
645, 57.902794
680, 198.92575
705, 44.016235
730, 54.911842
760, 40.528484
810, 139.64407
860, 381.836
900, 27.4482
960, 20.808374
