wavelength, value
410, 1663.0872
435, 440.38287
460, 1248.5016
485, 367.8123
510, 587.1887
535, 731.6823
560, 82.72783
585, 100.54781
610, 855.2543
645, 57.381145
680, 198.70952
705, 43.597034
730, 53.948475
760, 39.68414
810, 139.31627
860, 383.5428
900, 27.179098
960, 20.808374
