wavelength, value
410, 1694.4141
435, 454.47516
460, 1279.2631
485, 396.4844
510, 616.4955
535, 765.14294
560, 113.10692
585, 137.82738
610, 945.7357
645, 79.02949
680, 220.76433
705, 49.465862
730, 59.407543
760, 43.061516
810, 155.21472
860, 428.1635
900, 29.3319
960, 22.790123
