wavelength, value
410, 1701.2312
435, 453.91885
460, 1276.7946
485, 398.94705
510, 617.0967
535, 762.4143
560, 109.11244
585, 135.00467
610, 940.7342
645, 78.16008
680, 220.54813
705, 48.87898
730, 59.407543
760, 43.061516
810, 154.39522
860, 417.19122
900, 29.3319
960, 22.790123
