wavelength, value
410, 1177.1138
435, 339.3266
460, 1043.4244
485, 288.30432
510, 435.39435
535, 2323.863
560, 84.9353
585, 140.35812
610, 633.3701
645, 62.68455
680, 136.2209
705, 40.32726
730, 73.05523
760, 58.259697
810, 112.27252
860, 234.31953
900, 18.70245
960, 20.808374
