wavelength, value
410, 1177.9254
435, 340.2537
460, 1037.538
485, 290.06335
510, 438.4002
535, 2311.2256
560, 87.87862
585, 143.18086
610, 643.37305
645, 63.640907
680, 140.54536
705, 41.501022
730, 74.660835
760, 59.104042
810, 114.56714
860, 242.12207
900, 18.70245
960, 20.808374
