wavelength, value
410, 1201.9482
435, 344.8893
460, 1073.0466
485, 296.04404
510, 443.8107
535, 2426.8298
560, 90.506546
585, 147.56096
610, 646.3285
645, 66.5969
680, 138.38313
705, 41.081818
730, 73.85803
760, 58.259697
810, 113.092026
860, 225.78552
900, 18.70245
960, 20.808374
