wavelength, value
410, 1237.0084
435, 343.03506
460, 1049.6907
485, 313.8102
510, 463.9497
535, 2366.6584
560, 117.31163
585, 185.5219
610, 765.22754
645, 88.853836
680, 166.4922
705, 47.369854
730, 86.06066
760, 63.325756
810, 134.89093
860, 287.9619
900, 20.7207
960, 22.790123
