wavelength, value
410, 1353.7134
435, 398.29153
460, 1197.9918
485, 398.24344
510, 548.86444
535, 2550.476
560, 166.82217
585, 242.4633
610, 886.17255
645, 120.23958
680, 192.43904
705, 55.7539
730, 86.22123
760, 66.70313
810, 154.88692
860, 341.11655
900, 24.084452
960, 25.76275
