wavelength, value
410, 1237.6576
435, 334.50555
460, 1039.2471
485, 312.05118
510, 461.99594
535, 2336.5005
560, 116.78605
585, 183.08853
610, 759.77136
645, 86.59336
680, 164.32997
705, 46.95065
730, 85.0973
760, 62.481415
810, 133.90752
860, 284.06064
900, 20.047953
960, 22.790123
