wavelength, value
410, 1220.4521
435, 350.45206
460, 1065.2614
485, 305.01508
510, 456.58545
535, 2350.4304
560, 98.810875
585, 158.75456
610, 682.703
645, 72.76973
680, 149.41055
705, 43.597034
730, 76.42701
760, 59.948383
810, 120.467606
860, 253.82585
900, 19.50975
960, 21.79925
