wavelength, value
410, 1182.1456
435, 344.7039
460, 1096.2129
485, 297.97897
510, 446.8165
535, 2482.406
560, 90.92703
585, 147.6583
610, 647.69257
645, 67.03161
680, 136.65335
705, 41.081818
730, 73.05523
760, 58.259697
810, 113.092026
860, 224.56638
900, 18.837
960, 20.808374
