wavelength, value
410, 1199.0265
435, 343.9622
460, 1051.0198
485, 297.09946
510, 443.961
535, 2323.7195
560, 94.92151
585, 153.88779
610, 670.8812
645, 70.07455
680, 144.86984
705, 42.59095
730, 76.26645
760, 59.104042
810, 117.84518
860, 245.29184
900, 19.3752
960, 21.79925
