wavelength, value
410, 1362.4784
435, 396.6227
460, 1191.5356
485, 392.43866
510, 546.1592
535, 2543.5833
560, 157.88718
585, 234.67644
610, 870.7134
645, 116.84888
680, 190.27681
705, 54.077087
730, 86.70291
760, 66.70313
810, 151.60889
860, 332.09494
900, 24.084452
960, 24.771873
