wavelength, value
410, 1193.6702
435, 337.47235
460, 1052.1593
485, 288.30432
510, 436.89728
535, 2352.5845
560, 84.09436
585, 138.80075
610, 632.0061
645, 62.249847
680, 137.51823
705, 40.662617
730, 73.05523
760, 58.259697
810, 111.28911
860, 225.78552
900, 18.70245
960, 20.808374
