wavelength, value
410, 1184.5803
435, 340.06827
460, 1060.7041
485, 289.88745
510, 436.74698
535, 2387.4812
560, 86.82744
585, 142.49951
610, 639.5083
645, 63.901733
680, 136.43712
705, 41.081818
730, 73.85803
760, 58.259697
810, 112.92812
860, 234.07571
900, 18.837
960, 20.808374
