wavelength, value
410, 1235.2229
435, 356.9419
460, 1093.7443
485, 322.60535
510, 474.01923
535, 2447.0786
560, 113.52739
585, 180.46045
610, 736.58264
645, 86.15865
680, 160.43794
705, 46.53145
730, 79.95935
760, 61.637074
810, 128.66267
860, 270.89386
900, 20.7207
960, 22.790123
