wavelength, value
410, 1224.8347
435, 355.08765
460, 1100.0105
485, 318.20776
510, 471.31403
535, 2478.9597
560, 108.58684
585, 172.9656
610, 725.8976
645, 82.68101
680, 156.76215
705, 45.525364
730, 77.872055
760, 60.792732
810, 126.36806
860, 263.57904
900, 20.7207
960, 22.195599
