wavelength, value
410, 1230.678
435, 341.92252
460, 1048.7413
485, 311.17166
510, 463.34854
535, 2362.4937
560, 109.953384
585, 171.89488
610, 739.9927
645, 78.073135
680, 161.73529
705, 45.693043
730, 85.0973
760, 62.481415
810, 131.449
860, 280.64703
900, 20.047953
960, 22.790123
