wavelength, value
410, 1217.0436
435, 340.06827
460, 1044.9436
485, 308.88492
510, 457.03632
535, 2348.8508
560, 108.9022
585, 173.54959
610, 726.57965
645, 79.20336
680, 156.97836
705, 45.10616
730, 84.294495
760, 61.637074
810, 128.17097
860, 269.18707
900, 19.77885
960, 22.790123
