wavelength, value
410, 1225.8085
435, 343.9622
460, 1055.0074
485, 318.03186
510, 466.65497
535, 2362.9243
560, 122.88289
585, 192.23807
610, 770.6837
645, 91.02736
680, 166.4922
705, 47.369854
730, 86.38179
760, 63.325756
810, 134.56313
860, 283.0853
900, 20.7207
960, 23.780998
