wavelength, value
410, 1223.6985
435, 341.36624
460, 1050.2604
485, 310.81985
510, 461.09418
535, 2359.9087
560, 115.73486
585, 184.35388
610, 753.86053
645, 86.941124
680, 164.54619
705, 46.53145
730, 86.06066
760, 62.819153
810, 131.9407
860, 278.20874
900, 20.047953
960, 22.790123
