wavelength, value
410, 1218.0173
435, 335.24725
460, 1037.3481
485, 301.3211
510, 450.72406
535, 2341.814
560, 105.328186
585, 169.85083
610, 720.6688
645, 78.855606
680, 154.5999
705, 44.435436
730, 82.04664
760, 61.130463
810, 126.20415
860, 263.57904
900, 19.3752
960, 21.79925
