wavelength, value
410, 1218.342
435, 340.06827
460, 1039.8167
485, 303.78375
510, 452.3773
535, 2360.0522
560, 105.22307
585, 168.78017
610, 718.8501
645, 77.899254
680, 155.46481
705, 44.435436
730, 83.49169
760, 61.637074
810, 125.87634
860, 262.35986
900, 19.3752
960, 21.79925
