wavelength, value
410, 1277.9119
435, 363.0609
460, 1089.5668
485, 343.71365
510, 492.20453
535, 2382.3115
560, 139.49153
585, 211.21854
610, 827.7461
645, 102.93829
680, 181.84409
705, 50.304268
730, 87.826836
760, 65.183304
810, 145.05283
860, 308.93115
900, 21.66255
960, 24.17735
