wavelength, value
410, 1298.6882
435, 365.47144
460, 1103.0487
485, 350.04614
510, 503.62665
535, 2370.392
560, 145.90372
585, 220.46542
610, 856.1637
645, 107.80701
680, 185.30367
705, 51.98108
730, 87.666275
760, 65.85879
810, 149.15036
860, 317.95285
900, 22.6044
960, 24.771873
