wavelength, value
410, 1170.7834
435, 329.6845
460, 1021.2077
485, 283.73087
510, 427.27863
535, 2255.5059
560, 89.66561
585, 146.10094
610, 654.5128
645, 65.72749
680, 142.70761
705, 41.501022
730, 77.872055
760, 59.104042
810, 116.53396
860, 248.94926
900, 18.837
960, 21.402899
