wavelength, value
410, 1181.0095
435, 330.61163
460, 1020.828
485, 283.37906
510, 429.08212
535, 2312.8052
560, 88.29908
585, 144.9329
610, 651.5574
645, 64.858086
680, 141.62648
705, 41.081818
730, 78.67486
760, 59.610645
810, 115.38664
860, 246.02332
900, 18.70245
960, 21.402899
