wavelength, value
410, 1218.9912
435, 337.47235
460, 1028.4236
485, 293.58142
510, 439.4522
535, 2323.8628
560, 94.185684
585, 154.08246
610, 683.8397
645, 70.07455
680, 147.03207
705, 42.507107
730, 79.79879
760, 59.948383
810, 119.156395
860, 240.41525
900, 18.70245
960, 21.79925
