wavelength, value
410, 1203.5713
435, 337.28693
460, 1037.7278
485, 294.46094
510, 439.1516
535, 2334.9207
560, 94.2908
585, 154.37447
610, 686.7951
645, 70.07455
680, 147.24829
705, 42.339428
730, 79.47767
760, 59.948383
810, 118.82859
860, 236.75784
900, 18.70245
960, 21.79925
