wavelength, value
410, 1212.6609
435, 344.7039
460, 1043.4244
485, 293.58142
510, 443.5101
535, 2281.0679
560, 95.65733
585, 155.8345
610, 684.5217
645, 73.117485
680, 152.00522
705, 43.51319
730, 75.463646
760, 60.792732
810, 121.28711
860, 248.2178
900, 18.837
960, 21.79925
