wavelength, value
410, 1198.3772
435, 338.77032
460, 1022.537
485, 294.81274
510, 445.46387
535, 2330.469
560, 100.49275
585, 166.54143
610, 706.119
645, 75.291016
680, 152.87012
705, 44.435436
730, 82.68889
760, 60.792732
810, 123.581726
860, 250.16841
900, 18.837
960, 21.79925
