wavelength, value
410, 1305.3433
435, 376.04062
460, 1112.3531
485, 348.99072
510, 499.26822
535, 2405.5762
560, 130.34627
585, 194.57413
610, 783.1874
645, 97.98265
680, 173.8438
705, 49.465862
730, 75.463646
760, 64.1701
810, 139.31627
860, 297.47122
900, 22.066202
960, 23.780998
