wavelength, value
410, 1287.4885
435, 371.21957
460, 1113.8723
485, 342.83414
510, 493.1063
535, 2409.7405
560, 130.66162
585, 203.33435
610, 790.91693
645, 98.76513
680, 167.57332
705, 49.465862
730, 82.84945
760, 63.325756
810, 137.02164
860, 283.32916
900, 21.39345
960, 23.780998
