wavelength, value
410, 1577.5466
435, 460.4087
460, 1370.0286
485, 443.8022
510, 617.54755
535, 2697.6743
560, 172.18321
585, 230.97769
610, 838.6584
645, 106.15511
680, 178.81696
705, 54.077087
730, 80.28047
760, 65.01444
810, 150.78937
860, 294.05762
900, 24.084452
960, 25.76275
