wavelength, value
410, 1593.7783
435, 459.11075
460, 1312.3033
485, 440.28418
510, 617.84814
535, 2600.5955
560, 176.70328
585, 241.97661
610, 870.7134
645, 107.89394
680, 184.87122
705, 56.173103
730, 85.9001
760, 66.53426
810, 155.70642
860, 302.3478
900, 24.084452
960, 26.753626
