wavelength, value
410, 1614.3925
435, 466.15683
460, 1330.3424
485, 445.38535
510, 623.8598
535, 2618.8335
560, 175.1265
585, 239.54324
610, 866.6213
645, 107.024536
680, 183.7901
705, 55.7539
730, 84.294495
760, 66.027664
810, 154.88692
860, 300.88483
900, 24.084452
960, 26.753626
