wavelength, value
410, 1576.8975
435, 460.59415
460, 1369.459
485, 444.154
510, 624.16046
535, 2696.382
560, 172.0781
585, 230.97769
610, 838.20374
645, 106.15511
680, 178.81696
705, 54.077087
730, 80.28047
760, 65.01444
810, 150.46158
860, 294.05762
900, 24.084452
960, 25.76275
