wavelength, value
410, 1672.6637
435, 447.42902
460, 1246.4128
485, 383.29172
510, 592.1483
535, 738.2882
560, 114.788795
585, 152.13574
610, 985.0656
645, 92.24454
680, 229.41328
705, 52.40028
730, 61.815968
760, 44.750202
810, 160.95126
860, 447.66977
900, 30.4083
960, 22.790123
