wavelength, value
410, 1672.6637
435, 449.28326
460, 1250.9701
485, 390.50372
510, 591.24664
535, 743.0273
560, 112.05574
585, 150.67572
610, 997.56934
645, 94.93971
680, 233.52153
705, 52.40028
730, 62.779335
760, 45.594543
810, 161.77078
860, 438.64813
900, 30.677402
960, 22.790123
