wavelength, value
410, 1668.2812
435, 448.3561
460, 1250.9701
485, 388.0411
510, 593.2004
535, 745.0378
560, 115.31439
585, 153.79045
610, 999.388
645, 93.54866
680, 232.4404
705, 52.81948
730, 63.421577
760, 45.594543
810, 161.11517
860, 435.23453
900, 30.677402
960, 22.790123
