wavelength, value
410, 1669.9045
435, 450.21036
460, 1254.9578
485, 389.2724
510, 595.1542
535, 744.89417
560, 114.788795
585, 153.20644
610, 996.66
645, 93.02701
680, 229.84573
705, 52.81948
730, 63.26101
760, 44.750202
810, 160.62346
860, 434.01538
900, 30.81195
960, 22.790123
