wavelength, value
410, 1685.8113
435, 451.3229
460, 1252.2993
485, 391.73502
510, 599.3623
535, 746.18665
560, 122.56753
585, 161.67465
610, 1020.076
645, 98.24348
680, 237.846
705, 54.077087
730, 63.421577
760, 45.594543
810, 165.70442
860, 462.54337
900, 31.08105
960, 22.790123
