wavelength, value
410, 1675.4232
435, 451.3229
460, 1253.6285
485, 393.31818
510, 601.4664
535, 747.3356
560, 126.77224
585, 168.19614
610, 1016.21124
645, 98.504295
680, 241.30559
705, 54.077087
730, 63.421577
760, 46.27002
810, 166.68782
860, 466.20078
900, 30.00465
960, 22.988298
