wavelength, value
410, 1657.2438
435, 442.97882
460, 1251.7296
485, 371.85806
510, 588.99225
535, 733.98004
560, 83.98924
585, 100.83983
610, 855.93634
645, 56.163963
680, 193.52016
705, 42.75863
730, 52.985115
760, 38.839798
810, 136.03824
860, 351.3574
900, 26.775452
960, 20.808374
