wavelength, value
410, 1655.4583
435, 441.49542
460, 1239.387
485, 370.62674
510, 586.73785
535, 731.2514
560, 84.19948
585, 100.353134
610, 868.66736
645, 55.294556
680, 198.70955
705, 43.093987
730, 54.430164
760, 39.68414
810, 138.82457
860, 357.69693
900, 27.179098
960, 20.808374
