wavelength, value
410, 1684.1882
435, 447.42902
460, 1267.6799
485, 381.7086
510, 595.7554
535, 740.87317
560, 91.55774
585, 108.14
610, 876.39685
645, 59.38079
680, 200.2231
705, 43.51319
730, 54.2696
760, 39.68414
810, 140.95528
860, 367.20624
900, 26.91
960, 20.808374
