wavelength, value
410, 1678.345
435, 449.28326
460, 1265.4014
485, 366.4051
510, 595.3045
535, 740.4424
560, 92.5038
585, 110.5734
610, 888.2186
645, 60.945732
680, 203.03401
705, 44.016235
730, 55.232964
760, 40.528484
810, 142.43039
860, 368.42538
900, 27.4482
960, 20.808374
