wavelength, value
410, 1637.4412
435, 437.78693
460, 1223.2467
485, 366.22916
510, 575.76654
535, 720.19366
560, 90.821915
585, 112.13076
610, 865.48456
645, 63.2062
680, 195.6824
705, 43.597034
730, 53.787914
760, 39.008667
810, 137.67725
860, 359.89142
900, 26.775452
960, 20.808374
