wavelength, value
410, 1672.0144
435, 445.3893
460, 1261.4138
485, 380.8291
510, 599.21204
535, 745.6122
560, 97.7597
585, 117.87357
610, 907.99725
645, 65.03197
680, 207.5747
705, 45.693043
730, 56.19633
760, 41.37283
810, 147.01962
860, 389.63852
900, 27.851849
960, 21.79925
