wavelength, value
410, 1613.4186
435, 435.191
460, 1225.3356
485, 361.83163
510, 569.0034
535, 717.46515
560, 89.98097
585, 109.892044
610, 863.6659
645, 61.989025
680, 195.89864
705, 44.016235
730, 53.787914
760, 39.68414
810, 139.64407
860, 373.5458
900, 27.4482
960, 20.808374
