wavelength, value
410, 1597.5116
435, 433.1513
460, 1217.9299
485, 360.4244
510, 566.5988
535, 715.3109
560, 85.77626
585, 105.4146
610, 855.93634
645, 59.46773
680, 194.16882
705, 43.01015
730, 53.14567
760, 38.839798
810, 138.00505
860, 368.42538
900, 27.31365
960, 20.808374
