wavelength, value
410, 1681.9158
435, 448.72696
460, 1249.8307
485, 389.97598
510, 596.50684
535, 742.88367
560, 134.02539
585, 165.37341
610, 988.0211
645, 91.37512
680, 220.33188
705, 51.56188
730, 59.086426
760, 43.061516
810, 156.03421
860, 378.42242
900, 29.870098
960, 22.790123
