wavelength, value
410, 1628.8385
435, 446.68732
460, 1263.1228
485, 390.15192
510, 600.86523
535, 756.23914
560, 122.88289
585, 164.10806
610, 978.4728
645, 96.939354
680, 222.06169
705, 49.885067
730, 60.21035
760, 43.905857
810, 154.88692
860, 392.8083
900, 29.601002
960, 21.79925
