wavelength, value
410, 1573.3265
435, 430.36993
460, 1224.196
485, 359.89667
510, 567.65076
535, 714.1621
560, 85.56602
585, 104.24657
610, 843.65985
645, 59.641613
680, 192.43904
705, 42.75863
730, 52.985115
760, 38.839798
810, 134.39922
860, 345.26166
900, 27.04455
960, 20.808374
