wavelength, value
410, 1622.0212
435, 431.85336
460, 1222.1074
485, 359.54483
510, 568.25195
535, 714.5929
560, 84.304596
585, 101.521164
610, 840.70447
645, 57.381145
680, 191.35793
705, 42.67479
730, 52.824547
760, 38.839798
810, 134.39922
860, 357.94077
900, 26.775452
960, 20.808374
