wavelength, value
410, 1686.9476
435, 443.53506
460, 1256.6666
485, 375.2002
510, 597.10803
535, 739.1498
560, 86.196724
585, 103.75989
610, 868.44006
645, 58.511375
680, 197.41219
705, 42.75863
730, 53.948475
760, 39.68414
810, 139.31627
860, 359.6476
900, 25.96815
960, 20.808374
