wavelength, value
410, 1677.2086
435, 443.53506
460, 1257.2363
485, 375.0243
510, 595.7554
535, 740.01154
560, 87.77349
585, 105.12258
610, 865.9393
645, 59.20691
680, 197.84464
705, 42.507107
730, 54.10904
760, 39.68414
810, 139.80798
860, 368.66925
900, 25.96815
960, 20.808374
