wavelength, value
410, 1803.0033
435, 482.28876
460, 1338.1277
485, 448.72748
510, 667.8952
535, 817.2726
560, 161.0407
585, 195.15814
610, 1068.2722
645, 110.41524
680, 246.49495
705, 55.92158
730, 65.02718
760, 47.283234
810, 175.86632
860, 469.37054
900, 30.677402
960, 24.771873
