wavelength, value
410, 1800.2439
435, 485.25552
460, 1348.3816
485, 447.49615
510, 668.4964
535, 816.55457
560, 158.30763
585, 190.77803
610, 1057.5872
645, 107.98088
680, 249.30586
705, 55.334694
730, 65.02718
760, 47.283234
810, 174.06339
860, 468.15143
900, 30.677402
960, 24.771873
