wavelength, value
410, 1666.1711
435, 442.79337
460, 1252.4891
485, 371.85806
510, 591.39685
535, 731.82587
560, 85.355774
585, 101.32649
610, 863.6659
645, 56.337852
680, 198.92575
705, 43.17783
730, 54.2696
760, 39.68414
810, 140.95528
860, 370.8637
900, 26.506351
960, 20.808374
