wavelength, value
410, 1691.6547
435, 446.31647
460, 1263.6924
485, 375.0243
510, 595.1542
535, 739.7243
560, 84.61995
585, 101.0345
610, 856.391
645, 57.03338
680, 197.62842
705, 42.75863
730, 53.787914
760, 39.68414
810, 138.49677
860, 347.45615
900, 26.102701
960, 20.808374
