wavelength, value
410, 1685.8113
435, 436.48892
460, 1267.1104
485, 385.57846
510, 607.1775
535, 753.5106
560, 102.70023
585, 123.227036
610, 919.5916
645, 70.07455
680, 212.11539
705, 45.693043
730, 56.999134
760, 42.21717
810, 150.62546
860, 404.75592
900, 27.4482
960, 21.79925
