wavelength, value
410, 1695.2258
435, 451.69376
460, 1272.0475
485, 389.8001
510, 611.83655
535, 756.67004
560, 101.543945
585, 122.25368
610, 907.0879
645, 69.03126
680, 210.81807
705, 45.693043
730, 56.67801
760, 41.37283
810, 145.87234
860, 392.8083
900, 27.31365
960, 21.79925
