wavelength, value
410, 1667.7943
435, 440.38287
460, 1250.5902
485, 366.22916
510, 587.4893
535, 731.395
560, 81.992004
585, 97.82241
610, 849.79816
645, 56.163963
680, 194.60129
705, 42.339428
730, 53.787914
760, 39.3464
810, 136.52994
860, 367.93774
900, 26.23725
960, 20.808374
