wavelength, value
410, 1660.6526
435, 439.64117
460, 1248.6914
485, 367.9882
510, 588.5414
535, 730.5333
560, 83.56877
585, 99.379776
610, 856.8457
645, 55.816204
680, 197.84464
705, 38.398922
730, 53.948475
760, 39.68414
810, 138.82455
860, 369.88837
900, 26.506351
960, 20.808374
