wavelength, value
410, 1696.8489
435, 449.46866
460, 1268.4396
485, 384.34714
510, 603.42017
535, 744.4634
560, 94.711266
585, 108.918686
610, 883.8991
645, 64.42337
680, 202.16911
705, 44.435436
730, 55.393524
760, 40.528484
810, 142.5943
860, 378.91006
900, 26.91
960, 21.79925
