wavelength, value
410, 1695.2258
435, 448.72696
460, 1266.9205
485, 385.57846
510, 601.61664
535, 746.3302
560, 96.498276
585, 115.05083
610, 886.3999
645, 65.03197
680, 202.16911
705, 44.85464
730, 55.393524
760, 40.528484
810, 142.92209
860, 380.37305
900, 27.31365
960, 21.79925
