wavelength, value
410, 1721.6832
435, 454.47516
460, 1276.6047
485, 390.32782
510, 605.8248
535, 745.6122
560, 96.18293
585, 113.8828
610, 892.3107
645, 62.68455
680, 203.25023
705, 44.267757
730, 55.55409
760, 40.528484
810, 143.90552
860, 373.5458
900, 27.179098
960, 21.79925
