wavelength, value
410, 1715.0281
435, 452.43546
460, 1270.3385
485, 387.3375
510, 605.5243
535, 747.91
560, 95.02663
585, 112.42277
610, 894.3568
645, 62.075966
680, 202.60156
705, 44.016235
730, 55.072407
760, 40.528484
810, 144.06943
860, 374.03348
900, 26.91
960, 21.79925
