wavelength, value
410, 1796.6731
435, 483.21588
460, 1337.9379
485, 443.2745
510, 671.3519
535, 824.02216
560, 165.35054
585, 198.17557
610, 1099.1904
645, 112.24099
680, 258.38727
705, 57.430706
730, 66.63279
760, 48.97192
810, 185.53648
860, 498.63004
900, 30.81195
960, 24.771873
