wavelength, value
410, 1800.5686
435, 482.84503
460, 1341.3558
485, 442.9227
510, 670.60046
535, 823.5913
560, 161.4612
585, 194.76878
610, 1078.7299
645, 110.241356
680, 252.11674
705, 56.173103
730, 65.82999
760, 48.127575
810, 180.61946
860, 488.38925
900, 30.677402
960, 24.771873
