wavelength, value
410, 1794.2383
435, 478.76572
460, 1323.5066
485, 435.00708
510, 651.814
535, 793.1464
560, 140.43759
585, 172.86826
610, 1018.48456
645, 100.06924
680, 239.14336
705, 53.32253
730, 62.618767
760, 45.594543
810, 166.36002
860, 454.74088
900, 29.46645
960, 23.780998
