wavelength, value
410, 1787.908
435, 486.3681
460, 1344.9636
485, 439.05283
510, 660.9818
535, 805.066
560, 141.48878
585, 170.92154
610, 1021.44006
645, 99.63454
680, 242.17049
705, 53.238686
730, 63.421577
760, 46.43889
810, 168.65463
860, 444.2562
900, 29.870098
960, 23.780998
