wavelength, value
410, 1718.2747
435, 463.00464
460, 1300.5305
485, 414.42645
510, 637.2358
535, 785.248
560, 133.07932
585, 170.92154
610, 1042.5828
645, 101.02559
680, 245.63005
705, 54.077087
730, 64.22438
760, 46.43889
810, 172.4244
860, 465.95697
900, 29.73555
960, 23.780998
