wavelength, value
410, 1748.1406
435, 465.6006
460, 1302.619
485, 415.48187
510, 639.4902
535, 787.40216
560, 133.39468
585, 171.11623
610, 1037.3539
645, 102.93829
680, 245.84628
705, 53.238686
730, 64.38493
760, 46.945496
810, 169.80196
860, 465.4693
900, 29.601002
960, 23.780998
