wavelength, value
410, 1635.0066
435, 437.41608
460, 1237.678
485, 366.581
510, 575.0151
535, 721.19885
560, 92.188446
585, 108.52934
610, 845.47864
645, 61.90209
680, 195.24997
705, 42.339428
730, 54.59072
760, 39.68414
810, 135.21873
860, 370.61987
900, 27.31365
960, 20.610199
