wavelength, value
410, 1644.7455
435, 436.11807
460, 1237.8679
485, 368.34
510, 577.8706
535, 722.49133
560, 94.81638
585, 111.44942
610, 857.9824
645, 63.98867
680, 197.84464
705, 44.016235
730, 54.59072
760, 40.021877
810, 137.84116
860, 375.7403
900, 27.4482
960, 20.808374
