wavelength, value
410, 1780.1168
435, 479.87827
460, 1324.0763
485, 432.54443
510, 644.75037
535, 786.1096
560, 142.96042
585, 166.44412
610, 998.70593
645, 94.93971
680, 235.46756
705, 52.232597
730, 62.779335
760, 45.594543
810, 163.90149
860, 449.62042
900, 31.35015
960, 23.582823
