wavelength, value
410, 1637.1166
435, 440.75375
460, 1247.9319
485, 364.64606
510, 579.8244
535, 725.07635
560, 91.55774
585, 104.73325
610, 839.1131
645, 59.641613
680, 200.00687
705, 42.75863
730, 52.985115
760, 39.68414
810, 136.20215
860, 372.08282
900, 27.31365
960, 20.808374
