wavelength, value
410, 1772.4879
435, 474.50092
460, 1328.4436
485, 438.3492
510, 649.4093
535, 796.73663
560, 140.96317
585, 165.95743
610, 998.70593
645, 94.67889
680, 233.52153
705, 51.394188
730, 63.26101
760, 45.594543
810, 162.75418
860, 453.03403
900, 30.946503
960, 22.790123
