wavelength, value
410, 1651.725
435, 439.45575
460, 1239.0072
485, 369.2195
510, 577.11914
535, 721.9169
560, 93.239624
585, 107.75065
610, 836.1576
645, 59.98938
680, 193.52016
705, 42.339428
730, 52.985115
760, 38.839798
810, 134.89093
860, 362.32968
900, 26.775452
960, 20.808374
