wavelength, value
410, 1711.1326
435, 459.11075
460, 1278.8833
485, 403.1687
510, 613.64
535, 756.67004
560, 119.51912
585, 139.96878
610, 928.00323
645, 79.02949
680, 216.43987
705, 46.95065
730, 58.12306
760, 42.723774
810, 149.96988
860, 409.14484
900, 28.659153
960, 20.412024
