wavelength, value
410, 1704.3154
435, 459.11075
460, 1281.3518
485, 401.93738
510, 613.64
535, 758.3934
560, 119.308876
585, 140.26079
610, 925.50244
645, 79.37725
680, 216.6561
705, 47.286015
730, 57.80194
760, 42.723778
810, 149.80595
860, 408.16953
900, 28.659153
960, 20.213848
